{"cameraMode":{"drawMode":0,"name":"Shaded","section":"Shading Mode"},"sceneLighting":true,"audioPlay":false,"sceneViewState":{"showFog":true,"showMaterialUpdate":false,"showSkybox":true,"showFlares":true,"showImageEffects":true,"showParticleSystems":true,"showVisualEffectGraphs":true,"m_FxEnabled":true},"in2DMode":false,"pivot":{"x":-11.256630897521973,"y":10.419153213500977,"z":3.707683563232422},"rotation":{"x":0.07471176236867905,"y":-0.48981356620788576,"z":0.04386782646179199,"w":0.8677365779876709},"size":34.616024017333987,"orthographic":false}