{"cameraMode":{"drawMode":0,"name":"Shaded","section":"Shading Mode"},"sceneLighting":true,"audioPlay":false,"sceneViewState":{"showFog":true,"showMaterialUpdate":false,"showSkybox":true,"showFlares":true,"showImageEffects":true,"showParticleSystems":true,"showVisualEffectGraphs":true,"m_FxEnabled":true},"in2DMode":false,"pivot":{"x":3.5306334495544435,"y":0.25027376413345339,"z":16.69858169555664},"rotation":{"x":-0.14339832961559297,"y":0.7844928503036499,"z":-0.20374777913093568,"w":-0.5683431029319763},"size":3.1739449501037599,"orthographic":false}