{"cameraMode":{"drawMode":0,"name":"Shaded","section":"Shading Mode"},"sceneLighting":true,"audioPlay":false,"sceneViewState":{"showFog":true,"showMaterialUpdate":false,"showSkybox":true,"showFlares":true,"showImageEffects":true,"showParticleSystems":true,"showVisualEffectGraphs":true,"m_FxEnabled":true},"in2DMode":false,"pivot":{"x":-23.351642608642579,"y":17.894973754882814,"z":10.812997817993164},"rotation":{"x":0.16607175767421723,"y":0.5961246490478516,"z":-0.12466703355312348,"w":0.7758821249008179},"size":1.0003938674926758,"orthographic":false}