{"cameraMode":{"drawMode":0,"name":"Shaded","section":"Shading Mode"},"sceneLighting":true,"audioPlay":false,"sceneViewState":{"showFog":true,"showMaterialUpdate":false,"showSkybox":true,"showFlares":true,"showImageEffects":true,"showParticleSystems":true},"in2DMode":false,"pivot":{"x":-29.93042755126953,"y":-13.072368621826172,"z":4.9718780517578129},"rotation":{"x":-0.11561836302280426,"y":0.5434134006500244,"z":-0.07731630653142929,"w":-0.8280072212219238},"size":142.1953582763672,"orthographic":false}