{"cameraMode":{"drawMode":0,"name":"Shaded","section":"Shading Mode"},"sceneLighting":true,"audioPlay":false,"sceneViewState":{"showFog":true,"showMaterialUpdate":false,"showSkybox":true,"showFlares":true,"showImageEffects":true,"showParticleSystems":true},"in2DMode":false,"pivot":{"x":335.91180419921877,"y":16.019760131835939,"z":-117.18931579589844},"rotation":{"x":-0.33838391304016116,"y":-0.046217676252126697,"z":0.01659616455435753,"w":-0.9397851824760437},"size":17.617177963256837,"orthographic":false}