{"cameraMode":{"drawMode":0,"name":"Shaded","section":"Shading Mode"},"sceneLighting":true,"audioPlay":false,"sceneViewState":{"showFog":true,"showMaterialUpdate":false,"showSkybox":true,"showFlares":true,"showImageEffects":true,"showParticleSystems":true},"in2DMode":false,"pivot":{"x":502.0835876464844,"y":284.5308837890625,"z":-12.364456176757813},"rotation":{"x":0.15595825016498567,"y":0.1603597104549408,"z":-0.025672078132629396,"w":0.9743965268135071},"size":2179.59912109375,"orthographic":false}