{"cameraMode":{"drawMode":0,"name":"Shaded","section":"Shading Mode"},"sceneLighting":true,"audioPlay":false,"sceneViewState":{"showFog":true,"showMaterialUpdate":false,"showSkybox":true,"showFlares":true,"showImageEffects":true,"showParticleSystems":true},"in2DMode":false,"pivot":{"x":439.0360107421875,"y":61.917747497558597,"z":-78.20867919921875},"rotation":{"x":0.08709564059972763,"y":0.9128516912460327,"z":-0.29259374737739565,"w":0.27138105034828188},"size":22.900543212890626,"orthographic":false}