{"cameraMode":{"drawMode":0,"name":"Shaded","section":"Shading Mode"},"sceneLighting":true,"audioPlay":false,"sceneViewState":{"showFog":true,"showMaterialUpdate":false,"showSkybox":true,"showFlares":true,"showImageEffects":true,"showParticleSystems":true},"in2DMode":false,"pivot":{"x":373.0798034667969,"y":77.75106048583985,"z":-536.1549072265625},"rotation":{"x":0.045487698167562488,"y":-0.9487267136573792,"z":0.2684260606765747,"w":0.16113883256912232},"size":220.48426818847657,"orthographic":false}