{"cameraMode":{"drawMode":0,"name":"Shaded","section":"Shading Mode"},"sceneLighting":true,"audioPlay":false,"sceneViewState":{"showFog":true,"showMaterialUpdate":false,"showSkybox":true,"showFlares":true,"showImageEffects":true,"showParticleSystems":true},"in2DMode":false,"pivot":{"x":409.36431884765627,"y":121.45899963378906,"z":-252.54266357421876},"rotation":{"x":0.038299378007650378,"y":0.9366781711578369,"z":-0.10839785635471344,"w":0.3310038447380066},"size":133.5270233154297,"orthographic":false}