{"cameraMode":{"drawMode":0,"name":"Shaded","section":"Shading Mode"},"sceneLighting":true,"audioPlay":false,"sceneViewState":{"showFog":true,"showMaterialUpdate":false,"showSkybox":true,"showFlares":true,"showImageEffects":true,"showParticleSystems":true},"in2DMode":false,"pivot":{"x":-2.2393312454223635,"y":0.3931143283843994,"z":0.9281371831893921},"rotation":{"x":-0.22566327452659608,"y":0.42656591534614565,"z":-0.11080440878868103,"w":-0.8688793182373047},"size":23.158954620361329,"orthographic":false}