{"cameraMode":{"drawMode":0,"name":"Shaded","section":"Shading Mode"},"sceneLighting":true,"audioPlay":false,"sceneViewState":{"showFog":true,"showMaterialUpdate":false,"showSkybox":true,"showFlares":true,"showImageEffects":true,"showParticleSystems":true},"in2DMode":false,"pivot":{"x":-521.7366333007813,"y":0.7796449661254883,"z":9.410972595214844},"rotation":{"x":-0.160222128033638,"y":0.04925098270177841,"z":-0.007922790944576264,"w":-0.9858580231666565},"size":13.506086349487305,"orthographic":false}