{"cameraMode":{"drawMode":0,"name":"Shaded","section":"Shading Mode"},"sceneLighting":true,"audioPlay":false,"sceneViewState":{"showFog":true,"showMaterialUpdate":false,"showSkybox":true,"showFlares":true,"showImageEffects":true,"showParticleSystems":true},"in2DMode":false,"pivot":{"x":-0.32349681854248049,"y":1.249366283416748,"z":-9.666635513305664},"rotation":{"x":0.06811260432004929,"y":0.912648618221283,"z":-0.17036540806293488,"w":0.3654392659664154},"size":16.731849670410158,"orthographic":false}