{"cameraMode":{"drawMode":0,"name":"Shaded","section":"Shading Mode"},"sceneLighting":true,"audioPlay":false,"sceneViewState":{"showFog":true,"showMaterialUpdate":false,"showSkybox":true,"showFlares":true,"showImageEffects":true,"showParticleSystems":true},"in2DMode":false,"pivot":{"x":-0.52316814661026,"y":1.3210577964782715,"z":-1.3245573043823243},"rotation":{"x":-0.3271307945251465,"y":-0.09716982394456864,"z":0.03391797095537186,"w":-0.9394009113311768},"size":3.798090696334839,"orthographic":false}