{"cameraMode":{"drawMode":0,"name":"Shaded","section":"Shading Mode"},"sceneLighting":true,"audioPlay":false,"sceneViewState":{"showFog":true,"showMaterialUpdate":false,"showSkybox":true,"showFlares":true,"showImageEffects":true,"showParticleSystems":true},"in2DMode":false,"pivot":{"x":-4.310936450958252,"y":2.1363718509674074,"z":-11.066980361938477},"rotation":{"x":-0.035955484956502917,"y":0.9642141461372376,"z":-0.18563230335712434,"w":-0.18635092675685883},"size":7.823015213012695,"orthographic":false}