{"cameraMode":{"drawMode":0,"name":"Shaded","section":"Shading Mode"},"sceneLighting":true,"audioPlay":false,"sceneViewState":{"showFog":true,"showMaterialUpdate":false,"showSkybox":true,"showFlares":true,"showImageEffects":true,"showParticleSystems":true},"in2DMode":false,"pivot":{"x":3.4911141395568849,"y":3.036738157272339,"z":0.49023497104644778},"rotation":{"x":-0.1793513149023056,"y":-0.448029100894928,"z":0.09233143925666809,"w":-0.8710108995437622},"size":4.365910053253174,"orthographic":false}