{"cameraMode":{"drawMode":0,"name":"Shaded","section":"Shading Mode"},"sceneLighting":true,"audioPlay":false,"sceneViewState":{"showFog":true,"showMaterialUpdate":false,"showSkybox":true,"showFlares":true,"showImageEffects":true,"showParticleSystems":true},"in2DMode":false,"pivot":{"x":2.1619338989257814,"y":-0.43988004326820376,"z":-0.8953598141670227},"rotation":{"x":-0.231594979763031,"y":-0.27107930183410647,"z":0.06744523346424103,"w":-0.9318893551826477},"size":3.487043857574463,"orthographic":false}