{"cameraMode":{"drawMode":0,"name":"Shaded","section":"Shading Mode"},"sceneLighting":true,"audioPlay":false,"sceneViewState":{"showFog":true,"showMaterialUpdate":false,"showSkybox":true,"showFlares":true,"showImageEffects":true,"showParticleSystems":true},"in2DMode":false,"pivot":{"x":-1.7320761680603028,"y":-1.6762943267822266,"z":-4.755521774291992},"rotation":{"x":0.013050750829279423,"y":0.9692190885543823,"z":-0.24028341472148896,"w":0.053116582334041598},"size":21.028663635253908,"orthographic":false}