{"cameraMode":{"drawMode":0,"name":"Shaded","section":"Shading Mode"},"sceneLighting":true,"audioPlay":false,"sceneViewState":{"showFog":true,"showMaterialUpdate":false,"showSkybox":true,"showFlares":true,"showImageEffects":true,"showParticleSystems":true},"in2DMode":false,"pivot":{"x":-0.8339928984642029,"y":1.7176706790924073,"z":-17.591215133666993},"rotation":{"x":-0.1592017263174057,"y":0.7685883641242981,"z":-0.2093513011932373,"w":-0.5833603739738464},"size":4.666904449462891,"orthographic":false}