{"cameraMode":{"drawMode":0,"name":"Shaded","section":"Shading Mode"},"sceneLighting":true,"audioPlay":false,"sceneViewState":{"showFog":true,"showMaterialUpdate":false,"showSkybox":true,"showFlares":true,"showImageEffects":true,"showParticleSystems":true},"in2DMode":false,"pivot":{"x":-2.3399999141693117,"y":2.0399999618530275,"z":3.68999981880188},"rotation":{"x":0.025097699835896493,"y":0.9742252826690674,"z":-0.13980184495449067,"w":0.17563208937644959},"size":1.1334524154663087,"orthographic":false}