{"cameraMode":{"drawMode":0,"name":"Shaded","section":"Shading Mode"},"sceneLighting":true,"audioPlay":false,"sceneViewState":{"showFog":true,"showMaterialUpdate":false,"showSkybox":true,"showFlares":true,"showImageEffects":true,"showParticleSystems":true},"in2DMode":false,"pivot":{"x":-0.5092195272445679,"y":17.490779876708986,"z":-17.089282989501954},"rotation":{"x":-0.2149515300989151,"y":-0.561471700668335,"z":0.1540680080652237,"w":-0.7842791676521301},"size":51.24829864501953,"orthographic":false}